{"cameraMode":{"drawMode":0,"name":"Shaded","section":"Shading Mode"},"sceneLighting":true,"audioPlay":false,"sceneViewState":{"showFog":false,"showMaterialUpdate":false,"showSkybox":false,"showFlares":false,"showImageEffects":false,"showParticleSystems":false},"in2DMode":false,"pivot":{"x":-1.0528290271759034,"y":1.6322174072265626,"z":-1.0088248252868653},"rotation":{"x":-0.028457699343562127,"y":0.7107771039009094,"z":0.02880207821726799,"w":0.702274739742279},"size":3.1149380207061769,"orthographic":false}