{"cameraMode":{"drawMode":0,"name":"Shaded","section":"Shading Mode"},"sceneLighting":true,"audioPlay":false,"sceneViewState":{"showFog":false,"showMaterialUpdate":false,"showSkybox":false,"showFlares":false,"showImageEffects":false,"showParticleSystems":false},"in2DMode":false,"pivot":{"x":-0.6945521831512451,"y":0.5879687666893005,"z":1.236685872077942},"rotation":{"x":-0.03919064253568649,"y":-0.5370261073112488,"z":-0.02499844878911972,"w":0.8423132300376892},"size":2.8901472091674806,"orthographic":false}