{"cameraMode":{"drawMode":0,"name":"Shaded","section":"Shading Mode"},"sceneLighting":true,"audioPlay":false,"sceneViewState":{"showFog":false,"showMaterialUpdate":false,"showSkybox":false,"showFlares":false,"showImageEffects":false,"showParticleSystems":false},"in2DMode":false,"pivot":{"x":-0.09927225112915039,"y":0.3468904495239258,"z":-0.3798474073410034},"rotation":{"x":0.0976836085319519,"y":0.772710919380188,"z":-0.12271836400032044,"w":0.6150764226913452},"size":8.152318954467774,"orthographic":false}