{"cameraMode":{"drawMode":0,"name":"Shaded","section":"Shading Mode"},"sceneLighting":true,"audioPlay":false,"sceneViewState":{"showFog":false,"showMaterialUpdate":false,"showSkybox":false,"showFlares":false,"showImageEffects":false,"showParticleSystems":false},"in2DMode":false,"pivot":{"x":57.8343391418457,"y":0.0291748046875,"z":-4.458124160766602},"rotation":{"x":0.06476406753063202,"y":0.7601349353790283,"z":-0.07663527131080628,"w":0.6420369744300842},"size":165.74798583984376,"orthographic":false}