{"cameraMode":{"drawMode":0,"name":"Shaded","section":"Shading Mode"},"sceneLighting":true,"audioPlay":false,"sceneViewState":{"showFog":false,"showMaterialUpdate":false,"showSkybox":false,"showFlares":false,"showImageEffects":false,"showParticleSystems":false},"in2DMode":false,"pivot":{"x":0.8633362650871277,"y":-2.32420015335083,"z":5.579955577850342},"rotation":{"x":-0.001854693633504212,"y":-0.9940596222877502,"z":0.10777780413627625,"w":-0.01668461039662361},"size":22.0,"orthographic":false}