{"cameraMode":{"drawMode":0,"name":"Shaded","section":"Shading Mode"},"sceneLighting":true,"audioPlay":false,"sceneViewState":{"showFog":false,"showMaterialUpdate":false,"showSkybox":false,"showFlares":false,"showImageEffects":false,"showParticleSystems":false},"in2DMode":false,"pivot":{"x":3.7257916927337648,"y":5.196631908416748,"z":-16.947542190551759},"rotation":{"x":0.12545880675315858,"y":0.05742849409580231,"z":-0.007276875898241997,"w":0.9904329776763916},"size":5.590147972106934,"orthographic":false}