{"cameraMode":{"drawMode":0,"name":"Shaded","section":"Shading Mode"},"sceneLighting":true,"audioPlay":false,"sceneViewState":{"showFog":false,"showMaterialUpdate":false,"showSkybox":false,"showFlares":false,"showImageEffects":false,"showParticleSystems":false},"in2DMode":false,"pivot":{"x":2.3456108570098879,"y":2.818303346633911,"z":0.7479530572891235},"rotation":{"x":0.052701786160469058,"y":-0.9467284679412842,"z":0.20775005221366883,"w":0.24045434594154359},"size":2.5901472568511965,"orthographic":false}
