{"cameraMode":{"drawMode":0,"name":"Shaded","section":"Shading Mode"},"sceneLighting":true,"audioPlay":false,"sceneViewState":{"showFog":false,"showMaterialUpdate":false,"showSkybox":false,"showFlares":false,"showImageEffects":false,"showParticleSystems":false},"in2DMode":false,"pivot":{"x":0.8633362650871277,"y":-2.32420015335083,"z":5.579955577850342},"rotation":{"x":0.2623394727706909,"y":-0.01939660869538784,"z":0.00527357030659914,"w":0.9647685289382935},"size":15.558176040649414,"orthographic":false}