{"cameraMode":{"drawMode":0,"name":"Shaded","section":"Shading Mode"},"sceneLighting":true,"audioPlay":false,"sceneViewState":{"showFog":false,"showMaterialUpdate":false,"showSkybox":false,"showFlares":false,"showImageEffects":false,"showParticleSystems":false},"in2DMode":false,"pivot":{"x":6.940000057220459,"y":2.940000057220459,"z":2.3399999141693117},"rotation":{"x":0.06756871938705445,"y":-0.8284009695053101,"z":0.10240930318832398,"w":0.5465518832206726},"size":22.0,"orthographic":false}