{"cameraMode":{"drawMode":0,"name":"Shaded","section":"Shading Mode"},"sceneLighting":true,"audioPlay":false,"sceneViewState":{"showFog":false,"showMaterialUpdate":false,"showSkybox":false,"showFlares":false,"showImageEffects":false,"showParticleSystems":false},"in2DMode":false,"pivot":{"x":-4.11897087097168,"y":0.23234939575195313,"z":3.2367517948150636},"rotation":{"x":0.03516251966357231,"y":0.8514198064804077,"z":-0.05755838379263878,"w":0.5201360583305359},"size":7.521524906158447,"orthographic":false}