{"cameraMode":{"drawMode":0,"name":"Shaded","section":"Shading Mode"},"sceneLighting":true,"audioPlay":false,"sceneViewState":{"showFog":false,"showMaterialUpdate":false,"showSkybox":false,"showFlares":false,"showImageEffects":false,"showParticleSystems":false},"in2DMode":false,"pivot":{"x":-0.5531911849975586,"y":0.2953556776046753,"z":-2.27734375},"rotation":{"x":0.013427350670099259,"y":0.1033058911561966,"z":-0.0013947145780548454,"w":0.9945580959320068},"size":1.5712026357650757,"orthographic":true}