{"cameraMode":{"drawMode":0,"name":"Shaded","section":"Shading Mode"},"sceneLighting":true,"audioPlay":false,"sceneViewState":{"showFog":false,"showMaterialUpdate":false,"showSkybox":false,"showFlares":false,"showImageEffects":false,"showParticleSystems":false},"in2DMode":false,"pivot":{"x":227.72412109375,"y":66.59281158447266,"z":17.534683227539064},"rotation":{"x":0.0074326153844594959,"y":-0.1321934312582016,"z":0.0010035439627245069,"w":0.9912159442901611},"size":253.36302185058595,"orthographic":false}