{"cameraMode":{"drawMode":0,"name":"Shaded","section":"Shading Mode"},"sceneLighting":true,"audioPlay":false,"sceneViewState":{"showFog":false,"showMaterialUpdate":false,"showSkybox":false,"showFlares":false,"showImageEffects":false,"showParticleSystems":false},"in2DMode":false,"pivot":{"x":-0.09927225112915039,"y":0.3468904495239258,"z":-0.3798474073410034},"rotation":{"x":0.08757936209440232,"y":0.7692149877548218,"z":-0.10800223052501679,"w":0.6236831545829773},"size":16.059919357299806,"orthographic":false}