{"cameraMode":{"drawMode":0,"name":"Shaded","section":"Shading Mode"},"sceneLighting":true,"audioPlay":false,"sceneViewState":{"showFog":false,"showMaterialUpdate":false,"showSkybox":false,"showFlares":false,"showImageEffects":false,"showParticleSystems":false},"in2DMode":false,"pivot":{"x":2.7141990661621095,"y":1.1224141120910645,"z":2.0168018341064455},"rotation":{"x":-0.09411824494600296,"y":0.6688602566719055,"z":-0.08595537394285202,"w":-0.7323805093765259},"size":10.535920143127442,"orthographic":false}