{"cameraMode":{"drawMode":0,"name":"Shaded","section":"Shading Mode"},"sceneLighting":true,"audioPlay":false,"sceneViewState":{"showFog":false,"showMaterialUpdate":false,"showSkybox":false,"showFlares":false,"showImageEffects":false,"showParticleSystems":false},"in2DMode":false,"pivot":{"x":-34.66707992553711,"y":31.328826904296876,"z":4.03936767578125},"rotation":{"x":0.2552209198474884,"y":0.6141701340675354,"z":-0.219792440533638,"w":0.7138233184814453},"size":15.598359107971192,"orthographic":false}