{"cameraMode":{"drawMode":0,"name":"Shaded","section":"Shading Mode"},"sceneLighting":true,"audioPlay":false,"sceneViewState":{"showFog":false,"showMaterialUpdate":false,"showSkybox":false,"showFlares":false,"showImageEffects":false,"showParticleSystems":false},"in2DMode":false,"pivot":{"x":1.103200912475586,"y":1.1750080585479737,"z":-0.45014190673828127},"rotation":{"x":0.033631421625614169,"y":0.7126508951187134,"z":-0.03422350436449051,"w":0.6999076008796692},"size":5.590147972106934,"orthographic":false}