{"cameraMode":{"drawMode":0,"name":"Shaded","section":"Shading Mode"},"sceneLighting":true,"audioPlay":false,"sceneViewState":{"showFog":false,"showMaterialUpdate":false,"showSkybox":false,"showFlares":false,"showImageEffects":false,"showParticleSystems":false},"in2DMode":false,"pivot":{"x":-0.5388333797454834,"y":0.49030208587646487,"z":1.1312737464904786},"rotation":{"x":-0.10653838515281677,"y":0.5444678068161011,"z":-0.06997352093458176,"w":-0.8290482759475708},"size":3.9935548305511476,"orthographic":false}