{"cameraMode":{"drawMode":0,"name":"Shaded","section":"Shading Mode"},"sceneLighting":true,"audioPlay":false,"sceneViewState":{"showFog":false,"showMaterialUpdate":false,"showSkybox":false,"showFlares":false,"showImageEffects":false,"showParticleSystems":false},"in2DMode":false,"pivot":{"x":-1.474921703338623,"y":1.1537425518035889,"z":0.12127494812011719},"rotation":{"x":-0.1439395248889923,"y":-0.6326366662979126,"z":0.12121696770191193,"w":-0.7512413263320923},"size":5.8679423332214359,"orthographic":false}