{"cameraMode":{"drawMode":0,"name":"Shaded","section":"Shading Mode"},"sceneLighting":true,"audioPlay":false,"sceneViewState":{"showFog":false,"showMaterialUpdate":false,"showSkybox":false,"showFlares":false,"showImageEffects":false,"showParticleSystems":false},"in2DMode":false,"pivot":{"x":376.01806640625,"y":237.17938232421876,"z":590.9769287109375},"rotation":{"x":0.04498271271586418,"y":0.01140354759991169,"z":-0.0005144003662280738,"w":0.9989381432533264},"size":1292.45849609375,"orthographic":false}