{"cameraMode":{"drawMode":0,"name":"Shaded","section":"Shading Mode"},"sceneLighting":true,"audioPlay":false,"sceneViewState":{"showFog":false,"showMaterialUpdate":false,"showSkybox":false,"showFlares":false,"showImageEffects":false,"showParticleSystems":false},"in2DMode":false,"pivot":{"x":-9.808837890625,"y":2.5601329803466799,"z":1.2014999389648438},"rotation":{"x":0.22729934751987458,"y":-0.6265504956245422,"z":0.19815285503864289,"w":0.7186967134475708},"size":42.965118408203128,"orthographic":false}