{"cameraMode":{"drawMode":0,"name":"Shaded","section":"Shading Mode"},"sceneLighting":true,"audioPlay":false,"sceneViewState":{"showFog":false,"showMaterialUpdate":false,"showSkybox":false,"showFlares":false,"showImageEffects":false,"showParticleSystems":false},"in2DMode":false,"pivot":{"x":1.685546875,"y":2.896951198577881,"z":6.019214153289795},"rotation":{"x":0.0018038236303254963,"y":0.9963625073432922,"z":-0.08238689601421356,"w":0.021821629256010057},"size":13.593093872070313,"orthographic":true}