{"cameraMode":{"drawMode":0,"name":"Shaded","section":"Shading Mode"},"sceneLighting":true,"audioPlay":false,"sceneViewState":{"showFog":false,"showMaterialUpdate":false,"showSkybox":false,"showFlares":false,"showImageEffects":false,"showParticleSystems":false},"in2DMode":false,"pivot":{"x":-0.5599994659423828,"y":7.809999942779541,"z":-0.6599998474121094},"rotation":{"x":0.05775203928351402,"y":-0.7135205864906311,"z":0.059216804802417758,"w":0.6957491636276245},"size":12.7744779586792,"orthographic":false}