{"cameraMode":{"drawMode":0,"name":"Shaded","section":"Shading Mode"},"sceneLighting":true,"audioPlay":false,"sceneViewState":{"showFog":false,"showMaterialUpdate":false,"showSkybox":false,"showFlares":false,"showImageEffects":false,"showParticleSystems":false},"in2DMode":false,"pivot":{"x":-19.47427749633789,"y":-1.910530686378479,"z":-17.045114517211915},"rotation":{"x":0.05775203928351402,"y":-0.7135205864906311,"z":0.059216804802417758,"w":0.6957491636276245},"size":21.997753143310548,"orthographic":false}