{"cameraMode":{"drawMode":0,"name":"Shaded","section":"Shading Mode"},"sceneLighting":true,"audioPlay":false,"sceneViewState":{"showFog":false,"showMaterialUpdate":false,"showSkybox":false,"showFlares":false,"showImageEffects":false,"showParticleSystems":false},"in2DMode":false,"pivot":{"x":17.68790626525879,"y":0.9998912811279297,"z":-0.4478778839111328},"rotation":{"x":-0.02915576472878456,"y":-0.9606202244758606,"z":0.25348320603370669,"w":-0.11025227606296539},"size":24.336139678955079,"orthographic":false}
