{"cameraMode":{"drawMode":0,"name":"Shaded","section":"Shading Mode"},"sceneLighting":true,"audioPlay":false,"sceneViewState":{"showFog":false,"showMaterialUpdate":false,"showSkybox":false,"showFlares":false,"showImageEffects":false,"showParticleSystems":false},"in2DMode":false,"pivot":{"x":140.05743408203126,"y":188.919189453125,"z":-910.9786376953125},"rotation":{"x":0.07770749926567078,"y":0.07410476356744766,"z":-0.005788630805909634,"w":0.9942153096199036},"size":22.0,"orthographic":false}